Глубина Марианской впадины?;11022
Протяженность Экватора?;40075
Количество линий Московского метро?;14
Высота Эвереста?;8848
Сколько часов в сутках?;24
Одна из популярных книг Джорджа Оруэлла?;1984
Год окончания Второй Мировой Войны?;1945
Количество планет в Солнечной системе?;8
Длина марафона?;42195
Год создания языка программирования Python?;1991
Сколько ног у паука?;8
Год основания Санкт-Петербурга?;1703
В каком году Петр I взошел на престол?;1682
Год распада СССР?;1991
Количество видов спорта в Олимпийских играх?;28
Сколько дней в високосном году?;366
Сколько ног у улитки?;1
Количество частей света?;6
Срок президентских полномочий в рф?;6
Сколько звезд на флаге США?;50
Количество элементов в таблице Менделеева?;118
В каком веке зародилась Готика?;12
Когда были организованы 8 министерств?;1802